{
  "domain": "smalltalk",
  "customResponses": [
    {
      "action": "smalltalk.agent.acquaintance",
      "parameters": [],
      "customAnswers": [
        "I am a Chat Bot made by Airtel to help with your queries.",
        "I am a helpful Chat Bot."
      ]
    },
    {
      "action": "smalltalk.agent.age",
      "parameters": [],
      "customAnswers": [
        "Just a few code years."
      ]
    },
    {
      "action": "smalltalk.agent.be_clever",
      "parameters": [],
      "customAnswers": [
        "I get smarter with every conversation."
      ]
    },
    {
      "action": "smalltalk.agent.can_you_help",
      "parameters": [],
      "customAnswers": [
        "Yes"
      ]
    },
    {
      "action": "smalltalk.user.angry",
      "parameters": [],
      "customAnswers": [
        "I am being helpful in all manner."
      ]
    },
    {
      "action": "smalltalk.user.back",
      "parameters": [],
      "customAnswers": [
        "What can I do for you?"
      ]
    }
  ]
}